{
    "first": [-0.001596, -0.999916, -0.01284 ,  0.042351, -0.005271,  0.012849, -0.999904, -0.059679, 0.999985, -0.001528, -0.005291, -0.332549, 0,  0,  0,  1],
    "second": [707.0493, 0, 604.0814, 0, 707.0493, 180.5066, 0, 0 , 1]
}
