{
    "first": [-0.0015961 , -0.99991625, -0.01284044, 0.042351, -0.00527065,  0.0128487 , -0.99990355, -0.05967891, 1, -0.00152827, -0.00529071, -0.332549, 0, 0, 0, 1],
    "second": [707.0493, 0, 604.0814, 0, 707.0493, 180.5066, 0, 0, 1]    
}